dataset,entities,time_steps,metrics,finite_rate,missing_rate,zero_rate,mean,std,min,max,path
GAIA,127,4092,1,1.0,0.0,0.02699909945274436,80760070144.0,803721641984.0,0.0,9455972384768.0,data\gaia_metric_forecast.npz
NetMan,29,4096,1,1.0,0.0,0.06691978717672414,38.23605728149414,57.26464080810547,-2.8634965419769287,261.42999267578125,data\netman_kpi.npz
Alibaba2018,128,4096,5,1.0,0.0,0.0296600341796875,39.216949462890625,28.986270904541016,-1.0,101.0,data\alibaba2018_machine_usage.npz
SalesforceBorg,256,2048,7,1.0,0.0,0.1875811985560826,0.710065484046936,1.6427732706069946,0.0,27.440494537353516,data\salesforce_borg_256x2048.npz
