dataset,stress,forecaster,best_imputation_by_capacity,learned_vs_none_capacity_pct,learned_vs_none_mse_pct,learned_capacity_cost,none_capacity_cost,learned_mse,none_mse
alibaba2018,missing_30,dlinear,mean,-57.22423014166487,-3.1866393126242287,6.891400337219238,16.110523223876953,0.9849159121513367,1.0173346996307373
alibaba2018,missing_30,patchtst,mean,-79.31746301974935,-13.762881782892112,2.668243646621704,12.900949478149414,0.3362121284008026,0.3898693919181824
alibaba2018,missing_variables_30,dlinear,learned_mask_imputer,-57.14141679804028,-4.777448821077446,6.581511974334717,15.356345176696777,0.9972230792045593,1.0472551584243774
alibaba2018,missing_variables_30,patchtst,learned_mask_imputer,-81.70230947831023,-26.088707429413283,3.202601194381714,17.502761840820312,0.4085378348827362,0.552740752696991
salesforce_borg,missing_30,dlinear,mean,-56.34277087808075,-20.255217133385848,2.4964866638183594,5.718380928039551,0.17158927023410797,0.21517303586006165
salesforce_borg,missing_30,patchtst,mean,-50.77684718965985,-20.080825405739745,1.0007306337356567,2.033048629760742,0.07061310857534409,0.088355652987957
salesforce_borg,missing_variables_30,dlinear,learned_mask_imputer,-57.1256056818372,-34.705829135677625,2.663264513015747,6.211783409118652,0.20197083055973053,0.3093244433403015
salesforce_borg,missing_variables_30,patchtst,learned_mask_imputer,-73.6426682168373,-50.42657814897762,1.3129979372024536,4.981528282165527,0.13789455592632294,0.27816227078437805
