fault_type,cases,ranking_changed,mse_decision_cost_disagreement,median_fault_normal_mse_ratio,median_fault_normal_decision_cost_ratio
cpu,14,1,0,1.5724669798530329,1.2085237634153525
delay,15,2,3,15.004945526166084,1.4297813774556558
loss,15,4,5,1540.5422307354684,1.8580467783226509
mem,14,2,3,105.03464999589522,2.0387694669082084
all,58,9,11,53.344975720456134,1.4874648818400331
